gdh;designacao;;;;;;;;;;;;;;;;;;
1;Craniotomia, idade >17 anos, com CC;;;;;;;;;;;;;;;;;;
2;Craniotomia, idade >17 anos, sem CC;;;;;;;;;;;;;;;;;;
6;Descompressão do túnel cárpico;;;;;;;;;;;;;;;;;;
7;Procedimentos nos nervos cranianos e/ou periféricos e/ou noutras estruturas nervosas, com CC;;;;;;;;;;;;;;;;;;
8;Procedimentos nos nervos cranianos e/ou periféricos e/ou noutras estruturas nervosas, sem CC;;;;;;;;;;;;;;;;;;
9;Perturbações e/ou lesões traumáticas raquidianas;;;;;;;;;;;;;;;;;;
10;Neoplasias do sistema nervoso, com CC;;;;;;;;;;;;;;;;;;
11;Neoplasias do sistema nervoso, sem CC;;;;;;;;;;;;;;;;;;
12;Perturbações degenerativas do sistema nervoso;;;;;;;;;;;;;;;;;;
13;Esclerose múltipla e/ou ataxia cerebelosa;;;;;;;;;;;;;;;;;;
14;Acidente vascular cerebral com enfarte;;;;;;;;;;;;;;;;;;
15;Acidente vascular cerebral não específico e/ou oclusão pré-cerebral sem enfarte;;;;;;;;;;;;;;;;;;
16;Perturbações cerebrovasculares não específicas, com CC;;;;;;;;;;;;;;;;;;
17;Perturbações cerebrovasculares não específicas, sem CC;;;;;;;;;;;;;;;;;;
18;Perturbações dos nervos cranianos e/ou periféricos, com CC;;;;;;;;;;;;;;;;;;
19;Perturbações dos nervos cranianos e/ou periféricos, sem CC;;;;;;;;;;;;;;;;;;
20;Infecção do sistema nervoso excepto meningite viral;;;;;;;;;;;;;;;;;;
21;Meningite viral;;;;;;;;;;;;;;;;;;
22;Encefalopatia hipertensiva;;;;;;;;;;;;;;;;;;
23;Estupor e/ou coma, não traumáticos;;;;;;;;;;;;;;;;;;
24;Convulsões e/ou cefaleias, idade > 17 anos, com CC;;;;;;;;;;;;;;;;;;
25;Convulsões e/ou cefaleias, idade > 17 anos, sem CC;;;;;;;;;;;;;;;;;;
34;Outras perturbações do sistema nervoso, com CC;;;;;;;;;;;;;;;;;;
35;Outras perturbações do sistema nervoso, sem CC;;;;;;;;;;;;;;;;;;
36;Procedimentos na retina;;;;;;;;;;;;;;;;;;
37;Procedimentos na órbita;;;;;;;;;;;;;;;;;;
38;Procedimentos primários na íris;;;;;;;;;;;;;;;;;;
39;Procedimentos no cristalino, com ou sem vitrectomia;;;;;;;;;;;;;;;;;;
40;Procedimentos extra-oculares, excepto na órbita, idade > 17 anos;;;;;;;;;;;;;;;;;;
41;Procedimentos extra-oculares, excepto na órbita, idade < 18 anos;;;;;;;;;;;;;;;;;;
42;Procedimentos intra-oculares, excepto na retina, íris e/ou cristalino;;;;;;;;;;;;;;;;;;
43;Hifema;;;;;;;;;;;;;;;;;;
44;Infecções agudas major do olho;;;;;;;;;;;;;;;;;;
45;Perturbações neurológicas do olho;;;;;;;;;;;;;;;;;;
46;Outras perturbações do olho, idade > 17 anos, com CC;;;;;;;;;;;;;;;;;;
47;Outras perturbações do olho, idade > 17 anos, sem CC;;;;;;;;;;;;;;;;;;
48;Outras perturbações do olho, idade < 18 anos;;;;;;;;;;;;;;;;;;
49;Grandes procedimentos na cabeça e pescoço, excepto por doença maligna;;;;;;;;;;;;;;;;;;
50;Sialoadenectomia;;;;;;;;;;;;;;;;;;
51;Procedimentos nas glândulas salivares, excepto sialoadenectomia;;;;;;;;;;;;;;;;;;
52;Reparação de fenda labial e/ou do palato;;;;;;;;;;;;;;;;;;
53;Procedimentos nos seios faciais e/ou mastóide, idade > 17 anos;;;;;;;;;;;;;;;;;;
54;Procedimentos nos seios faciais e/ou mastóide, idade < 18 anos;;;;;;;;;;;;;;;;;;
55;Procedimentos diversos no ouvido, nariz, boca e/ou garganta;;;;;;;;;;;;;;;;;;
56;Rinoplastia;;;;;;;;;;;;;;;;;;
57;Procedimentos nas amígdalas e/ou adenóides, excepto só amigdalectomia e/ou só adenoidectomia, idade > 17 anos;;;;;;;;;;;;;;;;;;
58;Procedimentos nas amígdalas e/ou adenóides, excepto só amigdalectomia e/ou só adenoidectomia, idade < 18 anos;;;;;;;;;;;;;;;;;;
59;Amigdalectomia e/ou adenoidectomia, idade > 17 anos;;;;;;;;;;;;;;;;;;
60;Amigdalectomia e/ou adenoidectomia, idade < 18 anos;;;;;;;;;;;;;;;;;;
61;Miringotomia com colocação de tubo, idade > 17 anos;;;;;;;;;;;;;;;;;;
62;Miringotomia com colocação de tubo, idade < 18 anos;;;;;;;;;;;;;;;;;;
63;Outros procedimentos no ouvido, nariz, boca e/ou garganta em B.O.;;;;;;;;;;;;;;;;;;
64;Doenças malignas do ouvido, nariz, boca e/ou garganta;;;;;;;;;;;;;;;;;;
65;Desequilíbrio;;;;;;;;;;;;;;;;;;
66;Epistaxe;;;;;;;;;;;;;;;;;;
67;Epiglotite;;;;;;;;;;;;;;;;;;
68;Otite média e/ou infecção das vias respiratórias superiores, idade > 17 anos, com CC;;;;;;;;;;;;;;;;;;
69;Otite média e/ou infecção das vias respiratórias superiores, idade > 17 anos, sem CC;;;;;;;;;;;;;;;;;;
70;Otite média e/ou infecção das vias respiratórias superiores, idade < 18 anos;;;;;;;;;;;;;;;;;;
71;Laringotraqueíte;;;;;;;;;;;;;;;;;;
72;Traumatismo e deformidade nasal;;;;;;;;;;;;;;;;;;
73;Outros diagnósticos do ouvido, nariz, boca e/ou garganta, idade > 17 anos;;;;;;;;;;;;;;;;;;
74;Outros diagnósticos do ouvido, nariz, boca e/ou garganta, idade < 18 anos;;;;;;;;;;;;;;;;;;
75;Procedimentos torácicos major;;;;;;;;;;;;;;;;;;
76;Outros procedimentos no aparelho respiratório, em B.O., com CC;;;;;;;;;;;;;;;;;;
77;Outros procedimentos no aparelho respiratório, em B.O., sem CC;;;;;;;;;;;;;;;;;;
78;Embolia pulmonar;;;;;;;;;;;;;;;;;;
79;Infecções e/ou inflamações respiratórias, idade > 17 anos, com CC;;;;;;;;;;;;;;;;;;
80;Infecções e/ou inflamações respiratórias, idade > 17 anos, sem CC;;;;;;;;;;;;;;;;;;
82;Neoplasias respiratórias;;;;;;;;;;;;;;;;;;
83;Traumatismos torácicos, major, com CC;;;;;;;;;;;;;;;;;;
84;Traumatismos torácicos, major, sem CC;;;;;;;;;;;;;;;;;;
85;Derrame pleural, com CC;;;;;;;;;;;;;;;;;;
86;Derrame pleural, sem CC;;;;;;;;;;;;;;;;;;
87;Edema pulmonar e/ou insuficiência respiratória;;;;;;;;;;;;;;;;;;
88;Doença pulmonar obstrutiva crónica;;;;;;;;;;;;;;;;;;
89;Pneumonia e/ou pleurisia simples, idade > 17 anos, com CC;;;;;;;;;;;;;;;;;;
90;Pneumonia e/ou pleurisia simples, idade > 17 anos, sem CC;;;;;;;;;;;;;;;;;;
92;Doença pulmonar intersticial, com CC;;;;;;;;;;;;;;;;;;
93;Doença pulmonar intersticial, sem CC;;;;;;;;;;;;;;;;;;
94;Pneumotórax, com CC;;;;;;;;;;;;;;;;;;
95;Pneumotórax, sem CC;;;;;;;;;;;;;;;;;;
96;Bronquite e/ou asma, idade > 17 anos, com CC;;;;;;;;;;;;;;;;;;
97;Bronquite e/ou asma, idade > 17 anos, sem CC;;;;;;;;;;;;;;;;;;
99;Sintomas e/ou sinais respiratórios, com CC;;;;;;;;;;;;;;;;;;
100;Sintomas e/ou sinais respiratórios, sem CC;;;;;;;;;;;;;;;;;;
101;Outros diagnósticos do aparelho respiratório, com CC;;;;;;;;;;;;;;;;;;
102;Outros diagnósticos do aparelho respiratório, sem CC;;;;;;;;;;;;;;;;;;
103;Transplante cardíaco;;;;;;;;;;;;;;;;;;
104;Procedimentos nas válvulas cardíacas e/ou outros procedimentos cardiotorácicos major, com cateterismo cardíaco;;;;;;;;;;;;;;;;;;
105;Procedimentos nas válvulas cardíacas e/ou outros procedimentos cardiotorácicos major, sem cateterismo cardíaco;;;;;;;;;;;;;;;;;;
106;Bypass coronário com angioplastia coronária percutânea transluminal;;;;;;;;;;;;;;;;;;
107;Bypass coronário com cateterismo cardíaco, sem angioplastia coronária percutânea transluminal;;;;;;;;;;;;;;;;;;
108;Outros procedimentos cardiotorácicos sem diagnóstico principal de anomalia congénita;;;;;;;;;;;;;;;;;;
109;Bypass coronário sem angioplastia coronária percutânea transluminal, sem cateterismo cardíaco;;;;;;;;;;;;;;;;;;
110;Procedimentos cardiovasculares major, com CC;;;;;;;;;;;;;;;;;;
111;Procedimentos cardiovasculares major, sem CC;;;;;;;;;;;;;;;;;;
112;Procedimentos cardiovasculares percutâneos, sem enfarte agudo do miocárdio, insuficiência cardíaca ou choque;;;;;;;;;;;;;;;;;;
113;Amputação por perturbações do aparelho circulatório, excepto do membro superior e/ou de dedo do pé;;;;;;;;;;;;;;;;;;
114;Amputação de membro superior e/ou de dedo do pé, por perturbações do aparelho circulatório;;;;;;;;;;;;;;;;;;
115;Implantação de pacemaker cardíaco permanente, com enfarte agudo do miocárdio/insuficiência cardíaca/choque ou procedimento em terminal ou gerador de desfibrilhador cardíaco automático implantável;;;;;;;;;;;;;;;;;;
116;Outras implantações de pacemaker cardíaco permanente;;;;;;;;;;;;;;;;;;
117;Revisão de pacemaker cardíaco, excepto substituição do gerador;;;;;;;;;;;;;;;;;;
118;Substituição do gerador de pacemaker cardíaco;;;;;;;;;;;;;;;;;;
119;Laqueação venosa e flebo-extracção;;;;;;;;;;;;;;;;;;
120;Outros procedimentos, no aparelho circulatório, em B.O.;;;;;;;;;;;;;;;;;;
121;Perturbações circulatórias com enfarte agudo do miocárdio e/ou complicações major, alta vivo;;;;;;;;;;;;;;;;;;
122;Perturbações circulatórias com enfarte agudo do miocárdio, sem complicações major, alta vivo;;;;;;;;;;;;;;;;;;
123;Perturbações circulatórias com enfarte agudo do miocárdio, falecido;;;;;;;;;;;;;;;;;;
124;Perturbações circulatórias excepto enfarte agudo do miocárdio, com cateterismo cardíaco e/ou diagnóstico complexo;;;;;;;;;;;;;;;;;;
125;Perturbações circulatórias excepto enfarte agudo do miocárdio, com cateterismo cardíaco, sem diagnóstico complexo;;;;;;;;;;;;;;;;;;
126;Endocardite aguda e/ou subaguda;;;;;;;;;;;;;;;;;;
127;Insuficiência cardíaca e/ou choque;;;;;;;;;;;;;;;;;;
128;Tromboflebite venosa profunda;;;;;;;;;;;;;;;;;;
129;Paragem cardíaca, causa desconhecida;;;;;;;;;;;;;;;;;;
130;Perturbações vasculares periféricas, com CC;;;;;;;;;;;;;;;;;;
131;Perturbações vasculares periféricas, sem CC;;;;;;;;;;;;;;;;;;
132;Aterosclerose, com CC;;;;;;;;;;;;;;;;;;
133;Aterosclerose, sem CC;;;;;;;;;;;;;;;;;;
134;Hipertensão;;;;;;;;;;;;;;;;;;
135;Perturbações cardíacas congénitas e perturbações valvulares, idade > 17 anos, com CC;;;;;;;;;;;;;;;;;;
136;Perturbações cardíacas congénitas e perturbações valvulares, idade > 17 anos, sem CC;;;;;;;;;;;;;;;;;;
137;Perturbações cardíacas congénitas e perturbações valvulares , idade < 18 anos;;;;;;;;;;;;;;;;;;
138;Arritmia e/ou perturbações da condução cardíaca, com CC;;;;;;;;;;;;;;;;;;
139;Arritmia e/ou perturbações da condução cardíaca, sem CC;;;;;;;;;;;;;;;;;;
140;Angina de peito;;;;;;;;;;;;;;;;;;
141;Síncope e/ou colapso, com CC;;;;;;;;;;;;;;;;;;
142;Síncope e/ou colapso, sem CC;;;;;;;;;;;;;;;;;;
143;Dor torácica;;;;;;;;;;;;;;;;;;
144;Outros diagnósticos do aparelho circulatório, com CC;;;;;;;;;;;;;;;;;;
145;Outros diagnósticos do aparelho circulatório, sem CC;;;;;;;;;;;;;;;;;;
146;Ressecção do recto, com CC;;;;;;;;;;;;;;;;;;
147;Ressecção do recto, sem CC;;;;;;;;;;;;;;;;;;
148;Procedimentos major no intestino delgado e/ou no intestino grosso, com CC;;;;;;;;;;;;;;;;;;
149;Procedimentos major no intestino delgado e/ou no intestino grosso, sem CC;;;;;;;;;;;;;;;;;;
150;Lise de aderências peritoneais, com CC;;;;;;;;;;;;;;;;;;
151;Lise de aderências peritoneais, sem CC;;;;;;;;;;;;;;;;;;
152;Procedimentos minor no intestino delgado e/ou no intestino grosso, com CC;;;;;;;;;;;;;;;;;;
153;Procedimentos minor no intestino delgado e/ou no intestino grosso, sem CC;;;;;;;;;;;;;;;;;;
154;Procedimentos no esófago, estômago e/ou duodeno, idade > 17 anos, com CC;;;;;;;;;;;;;;;;;;
155;Procedimentos no esófago, estômago e/ou duodeno, idade > 17 anos, sem CC;;;;;;;;;;;;;;;;;;
156;Procedimentos no esófago, estômago e/ou duodeno, idade < 18 anos;;;;;;;;;;;;;;;;;;
157;Procedimentos no ânus e/ou estomas, com CC;;;;;;;;;;;;;;;;;;
158;Procedimentos no ânus e/ou estomas, sem CC;;;;;;;;;;;;;;;;;;
159;Procedimentos para hérnia excepto inguinal e/ou femoral, idade >17 anos, com CC;;;;;;;;;;;;;;;;;;
160;Procedimentos para hérnia excepto inguinal e/ou femoral, idade >17 anos, sem CC;;;;;;;;;;;;;;;;;;
161;Procedimentos para hérnia inguinal e/ou femoral, idade >17 anos com CC;;;;;;;;;;;;;;;;;;
162;Procedimentos para hérnia inguinal e/ou femoral, idade >17 anos, sem CC;;;;;;;;;;;;;;;;;;
163;Procedimentos para hérnia, idade < 18 anos;;;;;;;;;;;;;;;;;;
164;Apendicectomia com diagnóstico principal complicado, com CC;;;;;;;;;;;;;;;;;;
165;Apendicectomia com diagnóstico principal complicado, sem CC;;;;;;;;;;;;;;;;;;
166;Apendicectomia sem diagnóstico principal complicado, com CC;;;;;;;;;;;;;;;;;;
167;Apendicectomia sem diagnóstico principal complicado, sem CC;;;;;;;;;;;;;;;;;;
168;Procedimentos na boca, com CC;;;;;;;;;;;;;;;;;;
169;Procedimentos na boca, sem CC;;;;;;;;;;;;;;;;;;
170;Outros procedimentos no aparelho digestivo, em B.O., com CC;;;;;;;;;;;;;;;;;;
171;Outros procedimentos no aparelho digestivo, em B.O., sem CC;;;;;;;;;;;;;;;;;;
172;Doença digestiva maligna, com CC;;;;;;;;;;;;;;;;;;
173;Doença digestiva maligna, sem CC;;;;;;;;;;;;;;;;;;
174;Hemorragia gastrintestinal, com CC;;;;;;;;;;;;;;;;;;
175;Hemorragia gastrintestinal, sem CC;;;;;;;;;;;;;;;;;;
176;Úlcera péptica complicada;;;;;;;;;;;;;;;;;;
177;Úlcera péptica não complicada, com CC;;;;;;;;;;;;;;;;;;
178;Úlcera péptica não complicada, sem CC;;;;;;;;;;;;;;;;;;
179;Doença inflamatória do intestino;;;;;;;;;;;;;;;;;;
180;Obstrução gastrintestinal, com CC;;;;;;;;;;;;;;;;;;
181;Obstrução gastrintestinal, sem CC;;;;;;;;;;;;;;;;;;
182;Esofagite, gastrenterite e/ou perturbações digestivas diversas, idade;;;;;;;;;;;;;;;;;;
183;Esofagite, gastrenterite e/ou perturbações digestivas diversas, idade;;;;;;;;;;;;;;;;;;
185;Perturbações dentárias e/ou orais, excepto extracções e restaurações, idade > 17 anos;;;;;;;;;;;;;;;;;;
186;Perturbações dentárias e/ou orais excepto extracções e restaurações, idade < 18 anos;;;;;;;;;;;;;;;;;;
187;Extracções e/ou restaurações dentárias;;;;;;;;;;;;;;;;;;
188;Outros diagnósticos do aparelho digestivo, idade >17 anos, com CC;;;;;;;;;;;;;;;;;;
189;Outros diagnósticos do aparelho digestivo, idade >17 anos, sem CC;;;;;;;;;;;;;;;;;;
191;Procedimentos no pâncreas, no fígado e/ou de derivação portal, com CC;;;;;;;;;;;;;;;;;;
192;Procedimentos no pâncreas, no fígado e/ou de derivação portal, sem CC;;;;;;;;;;;;;;;;;;
193;Procedimentos nas vias biliares, excepto só colecistectomia, com ou sem exploração do colédoco, com CC;;;;;;;;;;;;;;;;;;
194;Procedimentos nas vias biliares, excepto só colecistectomia, com ou sem exploração do colédoco, sem CC;;;;;;;;;;;;;;;;;;
195;Colecistectomia, com exploração do colédoco, com CC;;;;;;;;;;;;;;;;;;
196;Colecistectomia, com exploração do colédoco, sem CC;;;;;;;;;;;;;;;;;;
197;Colecistectomia, sem exploração do colédoco, com CC;;;;;;;;;;;;;;;;;;
198;Colecistectomia, sem exploração do colédoco, sem CC;;;;;;;;;;;;;;;;;;
199;Procedimentos diagnósticos hepatobiliares por doença maligna;;;;;;;;;;;;;;;;;;
200;Procedimentos diagnósticos hepatobiliares por doença não maligna;;;;;;;;;;;;;;;;;;
201;Outros procedimentos hepatobiliares ou pancreáticos, em B.O.;;;;;;;;;;;;;;;;;;
202;Cirrose e/ou hepatite alcoólica;;;;;;;;;;;;;;;;;;
203;Doença maligna hepatobiliar ou pancreática;;;;;;;;;;;;;;;;;;
204;Perturbações do pancreas, excepto por doença maligna;;;;;;;;;;;;;;;;;;
205;Perturbações hepatobiliares, excepto por doença maligna, cirrose e/ou hepatite alcoólica, com CC;;;;;;;;;;;;;;;;;;
206;Perturbações hepatobiliares, excepto por doença maligna, cirrose e hepatite alcoólica, sem CC;;;;;;;;;;;;;;;;;;
207;Perturbações das vias biliares, com CC;;;;;;;;;;;;;;;;;;
208;Perturbações das vias biliares, sem CC;;;;;;;;;;;;;;;;;;
209;Procedimentos major nas articulações e/ou reimplante de membro inferior, excepto anca, excepto por complicação;;;;;;;;;;;;;;;;;;
210;Procedimentos na anca e/ou no fémur, excepto procedimentos articulares major, idade >17 anos, com CC;;;;;;;;;;;;;;;;;;
211;Procedimentos na anca e/ou no fémur, excepto procedimentos articulares major, idade >17 anos, sem CC;;;;;;;;;;;;;;;;;;
212;Procedimentos na anca e/ou no fémur, excepto procedimentos articulares major, idade < 18 anos;;;;;;;;;;;;;;;;;;
213;Amputação por perturbações osteomusculares e/ou do tecido conjuntivo;;;;;;;;;;;;;;;;;;
216;Biópsias do aparelho osteomuscular e/ou do tecido conjuntivo;;;;;;;;;;;;;;;;;;
217;Desbridamento de feridas e/ou enxerto de pele, excepto ferida aberta, por perturbações do aparelho osteomuscular e/ou do tecido conjuntivo, excepto na mão;;;;;;;;;;;;;;;;;;
218;Procedimentos no membro inferior e/ou no úmero, excepto na anca, pé ou fémur, idade >17 anos, com CC;;;;;;;;;;;;;;;;;;
219;Procedimentos no membro inferior e/ou no úmero, excepto na anca, pé ou fémur, idade >17 anos, sem CC;;;;;;;;;;;;;;;;;;
220;Procedimentos no membro inferior e/ou no úmero, excepto na anca, pé ou fémur, idade < 18 anos;;;;;;;;;;;;;;;;;;
221;Procedimentos no joelho, com CC;;;;;;;;;;;;;;;;;;
222;Procedimentos no joelho, sem CC;;;;;;;;;;;;;;;;;;
223;Procedimentos major no ombro/cotovelo, ou outros procedimentos no membro superior, com CC;;;;;;;;;;;;;;;;;;
224;Procedimentos no ombro, cotovelo ou antebraço, excepto procedimentos major nas articulações, sem CC;;;;;;;;;;;;;;;;;;
225;Procedimentos no pé;;;;;;;;;;;;;;;;;;
226;Procedimentos nos tecidos moles, com CC;;;;;;;;;;;;;;;;;;
227;Procedimentos nos tecidos moles, sem CC;;;;;;;;;;;;;;;;;;
228;Procedimentos major no polegar ou articulações, ou outros procedimentos na mão ou no punho, com CC;;;;;;;;;;;;;;;;;;
229;Procedimentos na mão ou no punho, excepto procedimentos major nas articulações, sem CC;;;;;;;;;;;;;;;;;;
230;Excisão local e/ou remoção de dispositivos de fixação interna da anca e/ou do fémur;;;;;;;;;;;;;;;;;;
232;Artroscopia;;;;;;;;;;;;;;;;;;
233;Outros procedimentos no aparelho osteomuscular e/ou no tecido conjuntivo, em B.O., com CC;;;;;;;;;;;;;;;;;;
234;Outros procedimentos no aparelho osteomuscular e/ou no tecido conjuntivo, em B.O., sem CC;;;;;;;;;;;;;;;;;;
235;Fracturas do fémur;;;;;;;;;;;;;;;;;;
236;Fracturas da anca e/ou da bacia;;;;;;;;;;;;;;;;;;
237;Distensões, entorses e/ou luxações da anca, da bacia e da coxa;;;;;;;;;;;;;;;;;;
238;Osteomielite;;;;;;;;;;;;;;;;;;
239;Fracturas patológicas e/ou doença maligna osteomuscular e/ou do tecido conjuntivo;;;;;;;;;;;;;;;;;;
240;Perturbações do tecido conjuntivo, com CC;;;;;;;;;;;;;;;;;;
241;Perturbações do tecido conjuntivo, sem CC;;;;;;;;;;;;;;;;;;
242;Artrite séptica;;;;;;;;;;;;;;;;;;
243;Problemas médicos dorso-lombares;;;;;;;;;;;;;;;;;;
244;Doenças dos ossos e/ou artropatias específicas, com CC;;;;;;;;;;;;;;;;;;
245;Doenças dos ossos e/ou artropatias específicas, sem CC;;;;;;;;;;;;;;;;;;
246;Artropatias não específicas;;;;;;;;;;;;;;;;;;
247;Sinais e/ou sintomas do aparelho osteomuscular e/ou do tecido conjuntivo;;;;;;;;;;;;;;;;;;
248;Tendinite, miosite e bursite;;;;;;;;;;;;;;;;;;
249;Disfunção, reacção ou complicação de dispositivo ou procedimento ortopédico;;;;;;;;;;;;;;;;;;
250;Fractura, distensão, entorse e/ou luxação do antebraço, da mão ou do pé, idade >17 anos, com CC;;;;;;;;;;;;;;;;;;
251;Fractura, distensão, entorse e/ou luxação do antebraço, da mão ou do pé, idade >17 anos, sem CC;;;;;;;;;;;;;;;;;;
252;Fractura, distensão, entorse e/ou luxação do antebraço, da mão ou do pé, idade < 18 anos;;;;;;;;;;;;;;;;;;
253;Fractura, distensão, entorse e/ou luxação do braço ou da perna, excepto do pé, idade > 17 anos, com CC;;;;;;;;;;;;;;;;;;
254;Fractura, distensão, entorse e/ou luxação do braço ou da perna, excepto do pé, idade > 17 anos, sem CC;;;;;;;;;;;;;;;;;;
255;Fractura, distensão, entorse e/ou luxação do braço ou da perna, excepto do pé, idade < 18 anos;;;;;;;;;;;;;;;;;;
256;Outros diagnósticos do aparelho osteomuscular e/ou do tecido conjuntivo;;;;;;;;;;;;;;;;;;
257;Mastectomia total por doença maligna, com CC;;;;;;;;;;;;;;;;;;
258;Mastectomia total por doença maligna, sem CC;;;;;;;;;;;;;;;;;;
259;Mastectomia subtotal por doença maligna, com CC;;;;;;;;;;;;;;;;;;
260;Mastectomia subtotal por doença maligna, sem CC;;;;;;;;;;;;;;;;;;
261;Procedimentos na mama por doença não maligna, excepto biópsia e/ou excisão local;;;;;;;;;;;;;;;;;;
262;Biópsia e/ou excisão local da mama por doença não maligna;;;;;;;;;;;;;;;;;;
263;Enxerto cutâneo e/ou desbridamento por úlcera da pele ou celulite, com CC;;;;;;;;;;;;;;;;;;
264;Enxerto cutâneo e/ou desbridamento por úlcera da pele ou celulite, sem CC;;;;;;;;;;;;;;;;;;
265;Enxerto cutâneo e/ou desbridamento, excepto por úlcera da pele ou celulite, com CC;;;;;;;;;;;;;;;;;;
266;Enxerto cutâneo e/ou desbridamento, excepto por úlcera da pele ou celulite, sem CC;;;;;;;;;;;;;;;;;;
267;Procedimentos perianais e/ou pilonidais;;;;;;;;;;;;;;;;;;
268;Procedimentos plásticos na pele, no tecido subcutâneo e/ou na mama;;;;;;;;;;;;;;;;;;
269;Outros procedimentos na pele, no tecido subcutâneo e/ou na mama, com CC;;;;;;;;;;;;;;;;;;
270;Outros procedimentos na pele, no tecido subcutâneo e/ou na mama, sem CC;;;;;;;;;;;;;;;;;;
271;Úlceras da pele;;;;;;;;;;;;;;;;;;
272;Perturbações major cutâneas, com CC;;;;;;;;;;;;;;;;;;
273;Perturbações major cutâneas, sem CC;;;;;;;;;;;;;;;;;;
274;Doenças malignas da mama, com CC;;;;;;;;;;;;;;;;;;
275;Doenças malignas da mama, sem CC;;;;;;;;;;;;;;;;;;
276;Doenças não malignas da mama;;;;;;;;;;;;;;;;;;
277;Celulite, idade > 17 anos, com CC;;;;;;;;;;;;;;;;;;
278;Celulite, idade > 17 anos, sem CC;;;;;;;;;;;;;;;;;;
279;Celulite, idade < 18 anos;;;;;;;;;;;;;;;;;;
280;Traumatismos da pele, do tecido subcutâneo e/ou da mama, idade >17 anos, com CC;;;;;;;;;;;;;;;;;;
281;Traumatismos da pele, do tecido subcutâneo e/ou da mama, idade > 17 anos, sem CC;;;;;;;;;;;;;;;;;;
282;Traumatismos da pele, do tecido subcutâneo e/ou da mama, idade < 18 anos;;;;;;;;;;;;;;;;;;
283;Perturbações minor cutâneas, com CC;;;;;;;;;;;;;;;;;;
284;Perturbações minor cutâneas, sem CC;;;;;;;;;;;;;;;;;;
285;Amputação de membro inferior por perturbações endócrinas, nutricionais e/ou metabólicas;;;;;;;;;;;;;;;;;;
286;Procedimentos nas supra-renais e/ou na hipófise;;;;;;;;;;;;;;;;;;
287;Enxerto de pele e/ou desbridamento de feridas por perturbações endócrinas, nutricionais e/ou metabólicas;;;;;;;;;;;;;;;;;;
288;Procedimentos para obesidade, em B.O.;;;;;;;;;;;;;;;;;;
289;Procedimentos nas paratiróides;;;;;;;;;;;;;;;;;;
290;Procedimentos na tiróide;;;;;;;;;;;;;;;;;;
291;Procedimentos no tiroglosso;;;;;;;;;;;;;;;;;;
292;Outros procedimentos, por doenças endócrinas, nutricionais e/ou metabólicas, em B.O., com CC;;;;;;;;;;;;;;;;;;
293;Outros procedimentos, por doenças endócrinas, nutricionais e/ou metabólicas, em B.O., sem CC;;;;;;;;;;;;;;;;;;
294;Diabetes, idade > 35 anos;;;;;;;;;;;;;;;;;;
295;Diabetes, idade < 36 anos;;;;;;;;;;;;;;;;;;
296;Perturbações nutricionais e/ou metabólicas diversas, idade > 17 anos, com CC;;;;;;;;;;;;;;;;;;
297;Perturbações nutricionais e/ou metabólicas diversas, idade > 17 anos, sem CC;;;;;;;;;;;;;;;;;;
298;Perturbações nutricionais e/ou metabólicas diversas, idade < 18 anos;;;;;;;;;;;;;;;;;;
299;Erros inatos do metabolismo;;;;;;;;;;;;;;;;;;
300;Perturbações endócrinas, com CC;;;;;;;;;;;;;;;;;;
301;Perturbações endócrinas, sem CC;;;;;;;;;;;;;;;;;;
302;Transplante renal;;;;;;;;;;;;;;;;;;
303;Procedimentos no rim, no ureter e/ou procedimentos major na bexiga, por neoplasia;;;;;;;;;;;;;;;;;;
304;Procedimentos no rim, no ureter e/ou procedimentos major na bexiga, por doença não maligna, com CC;;;;;;;;;;;;;;;;;;
305;Procedimentos no rim, no ureter e/ou procedimentos major na bexiga, por doença não maligna, sem CC;;;;;;;;;;;;;;;;;;
306;Prostatectomia, com CC;;;;;;;;;;;;;;;;;;
307;Prostatectomia, sem CC;;;;;;;;;;;;;;;;;;
308;Procedimentos minor na bexiga, com CC;;;;;;;;;;;;;;;;;;
309;Procedimentos minor na bexiga, sem CC;;;;;;;;;;;;;;;;;;
310;Procedimentos transuretrais, com CC;;;;;;;;;;;;;;;;;;
311;Procedimentos transuretrais, sem CC;;;;;;;;;;;;;;;;;;
312;Procedimentos uretrais, idade > 17 anos, com CC;;;;;;;;;;;;;;;;;;
313;Procedimentos uretrais, idade > 17 anos, sem CC;;;;;;;;;;;;;;;;;;
314;Procedimentos uretrais, idade < 18 anos;;;;;;;;;;;;;;;;;;
315;Outros procedimentos no rim e/ou nas vias urinárias, em B.O.;;;;;;;;;;;;;;;;;;
316;Insuficiência renal;;;;;;;;;;;;;;;;;;
317;Internamento para diálise renal;;;;;;;;;;;;;;;;;;
318;Neoplasias dos rins e/ou das vias urinárias, com CC;;;;;;;;;;;;;;;;;;
319;Neoplasias dos rins e/ou das vias urinárias, sem CC;;;;;;;;;;;;;;;;;;
320;Infecções dos rins e/ou das vias urinárias, idade >17 anos, com CC;;;;;;;;;;;;;;;;;;
321;Infecções dos rins e/ou das vias urinárias, idade >17 anos, sem CC;;;;;;;;;;;;;;;;;;
322;Infecções dos rins e/ou das vias urinárias, idade <18 anos;;;;;;;;;;;;;;;;;;
323;Cálculos urinários, com CC e/ou litotrícia extracorporal por ondas de;;;;;;;;;;;;;;;;;;
324;Cálculos urinários, sem CC;;;;;;;;;;;;;;;;;;
325;Sintomas e/ou sinais dos rins e/ou das vias urinárias, idade > 17 anos, com CC;;;;;;;;;;;;;;;;;;
326;Sintomas e/ou sinais dos rins e/ou das vias urinárias, idade > 17 anos, sem CC;;;;;;;;;;;;;;;;;;
327;Sintomas e/ou sinais dos rins e das vias urinárias, idade < 18 anos;;;;;;;;;;;;;;;;;;
328;Estenose uretral, idade > 17 anos, com CC;;;;;;;;;;;;;;;;;;
329;Estenose uretral, idade > 17 anos, sem CC;;;;;;;;;;;;;;;;;;
330;Estenose uretral, idade < 18 anos;;;;;;;;;;;;;;;;;;
331;Outros diagnósticos dos rins e/ou das vias urinárias, idade >17 anos, com CC;;;;;;;;;;;;;;;;;;
332;Outros diagnósticos dos rins e/ou das vias urinárias, idade > 17 anos, sem CC;;;;;;;;;;;;;;;;;;
333;Outros diagnósticos dos rins e/ou das vias urinárias, idade < 18 anos;;;;;;;;;;;;;;;;;;
334;Procedimentos major pélvicos masculinos, com CC;;;;;;;;;;;;;;;;;;
335;Procedimentos major pélvicos masculinos, sem CC;;;;;;;;;;;;;;;;;;
336;Prostatectomia transuretral, com CC;;;;;;;;;;;;;;;;;;
337;Prostatectomia transuretral, sem CC;;;;;;;;;;;;;;;;;;
338;Procedimentos nos testículos, por doença maligna;;;;;;;;;;;;;;;;;;
339;Procedimentos nos testículos, por doença não maligna, idade > 17 anos;;;;;;;;;;;;;;;;;;
340;Procedimentos nos testículos, por doença não maligna, idade < 18 anos;;;;;;;;;;;;;;;;;;
341;Procedimentos no pénis;;;;;;;;;;;;;;;;;;
342;Circuncisão, idade > 17 anos;;;;;;;;;;;;;;;;;;
343;Circuncisão, idade < 18 anos;;;;;;;;;;;;;;;;;;
344;Outros procedimentos, em B.O., no aparelho reprodutor masculino, por doença maligna;;;;;;;;;;;;;;;;;;
345;Outros procedimentos, em B.O., no aparelho reprodutor masculino, excepto por doença maligna;;;;;;;;;;;;;;;;;;
346;Doença maligna do aparelho reprodutor masculino, com CC;;;;;;;;;;;;;;;;;;
347;Doença maligna do aparelho reprodutor masculino, sem CC;;;;;;;;;;;;;;;;;;
348;Hipertrofia prostática benigna, com CC;;;;;;;;;;;;;;;;;;
349;Hipertrofia prostática benigna, sem CC;;;;;;;;;;;;;;;;;;
350;Inflamações do aparelho reprodutor masculino;;;;;;;;;;;;;;;;;;
351;Esterilização masculina;;;;;;;;;;;;;;;;;;
352;Outros diagnósticos do aparelho reprodutor masculino;;;;;;;;;;;;;;;;;;
353;Evisceração pélvica, histerectomia e/ou vulvectomia radicais;;;;;;;;;;;;;;;;;;
354;Procedimentos no útero e/ou seus anexos, por doença maligna, excepto do ovário e/ou seus anexos, com CC;;;;;;;;;;;;;;;;;;
355;Procedimentos no útero e/ou seus anexos, por doença maligna, excepto do ovário e/ou seus anexos, sem CC;;;;;;;;;;;;;;;;;;
356;Procedimentos reconstrutivos do aparelho reprodutor feminino;;;;;;;;;;;;;;;;;;
357;Procedimentos no útero e/ou seus anexos, por doença maligna dos ovários ou dos seus anexos;;;;;;;;;;;;;;;;;;
358;Procedimentos no útero e/ou seus anexos, por carcinoma in situ e/ou doença não maligna, com CC;;;;;;;;;;;;;;;;;;
359;Procedimentos no útero e/ou seus anexos, por carcinoma in situ e/ou doença não maligna, sem CC;;;;;;;;;;;;;;;;;;
360;Procedimentos na vagina, colo do útero e/ou vulva;;;;;;;;;;;;;;;;;;
361;Laqueação de trompas, laparoscópica e/ou incisional;;;;;;;;;;;;;;;;;;
362;Laqueação de trompas, endoscópica;;;;;;;;;;;;;;;;;;
363;Dilatação e/ou curetagem, conização e/ou implantação de rádio, por doença maligna;;;;;;;;;;;;;;;;;;
364;Dilatação e/ou curetagem e/ou conização, excepto por doença maligna;;;;;;;;;;;;;;;;;;
365;Outros procedimentos no aparelho reprodutor feminino, em B.O.;;;;;;;;;;;;;;;;;;
366;Doença maligna do aparelho reprodutor feminino, com CC;;;;;;;;;;;;;;;;;;
367;Doença maligna do aparelho reprodutor feminino, sem CC;;;;;;;;;;;;;;;;;;
368;Infecções do aparelho reprodutor feminino;;;;;;;;;;;;;;;;;;
369;Perturbações menstruais e/ou outras perturbações do aparelho reprodutor feminino;;;;;;;;;;;;;;;;;;
370;Cesariana, com CC;;;;;;;;;;;;;;;;;;
371;Cesariana, sem CC;;;;;;;;;;;;;;;;;;
372;Parto vaginal, com diagnósticos de complicação;;;;;;;;;;;;;;;;;;
373;Parto vaginal, sem diagnósticos de complicação;;;;;;;;;;;;;;;;;;
374;Parto vaginal, com esterilização e/ou dilatação e/ou curetagem;;;;;;;;;;;;;;;;;;
375;Parto vaginal, com procedimento em BO, excepto esterilização e/ou dilatação e/ou curetagem uterina;;;;;;;;;;;;;;;;;;
376;Diagnósticos pós-parto e/ou pós-aborto, sem procedimento em B.O.;;;;;;;;;;;;;;;;;;
377;Diagnósticos pós-parto e/ou pós-aborto, com procedimento em B.O.;;;;;;;;;;;;;;;;;;
378;Gravidez ectópica;;;;;;;;;;;;;;;;;;
379;Ameaça de abortamento;;;;;;;;;;;;;;;;;;
380;Abortamento, sem dilatação e curetagem;;;;;;;;;;;;;;;;;;
381;Abortamento com dilatação e/ou curetagem, curetagem de aspiração e/ou histerotomia;;;;;;;;;;;;;;;;;;
382;Falso trabalho de parto;;;;;;;;;;;;;;;;;;
383;Outros diagnósticos pré-parto, com complicações médicas;;;;;;;;;;;;;;;;;;
384;Outros diagnósticos pré-parto, sem complicações médicas;;;;;;;;;;;;;;;;;;
392;Esplenectomia, idade > 17 anos;;;;;;;;;;;;;;;;;;
393;Esplenectomia, idade < 18 anos;;;;;;;;;;;;;;;;;;
394;Outros procedimentos em B.O., nos órgãos do sangue e/ou;;;;;;;;;;;;;;;;;;
395;Perturbações dos eritrócitos, idade > 17 anos;;;;;;;;;;;;;;;;;;
397;Perturbações da coagulação;;;;;;;;;;;;;;;;;;
398;Perturbações do sistema retículo-endotelial e/ou da imunidade, com CC;;;;;;;;;;;;;;;;;;
399;Perturbações do sistema retículo-endotelial e/ou da imunidade, sem CC;;;;;;;;;;;;;;;;;;
401;Linfoma e/ou leucemia não aguda, com outros procedimentos em B.O., com CC;;;;;;;;;;;;;;;;;;
402;Linfoma e/ou leucemia não aguda, com outros procedimentos em B.O., sem CC;;;;;;;;;;;;;;;;;;
403;Linfoma e/ou leucemia não aguda, com CC;;;;;;;;;;;;;;;;;;
404;Linfoma e/ou leucemia não aguda, sem CC;;;;;;;;;;;;;;;;;;
406;Perturbações mieloproliferativas ou doenças malignas mal diferenciadas, com procedimentos major em B.O., com CC;;;;;;;;;;;;;;;;;;
407;Perturbações mieloproliferativas ou doenças malignas mal diferenciadas, com procedimentos major em B.O., sem CC;;;;;;;;;;;;;;;;;;
408;Perturbações mieloproliferativas ou doenças malignas mal diferenciadas, com outros procedimentos em B.O.;;;;;;;;;;;;;;;;;;
409;Radioterapia;;;;;;;;;;;;;;;;;;
410;Quimioterapia;;;;;;;;;;;;;;;;;;
413;Outras perturbações mieloproliferativas ou doenças malignas mal diferenciadas, com CC;;;;;;;;;;;;;;;;;;
414;Outras perturbações mieloproliferativas ou doenças malignas mal diferenciadas, sem CC;;;;;;;;;;;;;;;;;;
415;Procedimentos em B.O., por doenças infecciosas e/ou parasitárias;;;;;;;;;;;;;;;;;;
416;Septicémia, idade > 17 anos;;;;;;;;;;;;;;;;;;
417;Septicémia, idade< 18 anos;;;;;;;;;;;;;;;;;;
418;Infecções pós-operatórias e/ou pós-traumáticas;;;;;;;;;;;;;;;;;;
419;Síndrome febril indeterminada, idade > 17 anos, com CC;;;;;;;;;;;;;;;;;;
420;Síndrome febril indeterminada, idade > 17 anos, sem CC;;;;;;;;;;;;;;;;;;
421;Doença viral, idade > 17 anos;;;;;;;;;;;;;;;;;;
422;Doença viral e/ou síndrome febril indeterminada, idade < 18 anos;;;;;;;;;;;;;;;;;;
423;Outros diagnósticos de doenças infecciosas e/ou parasitárias;;;;;;;;;;;;;;;;;;
424;Procedimentos em B.O., com o diagnóstico principal de doença mental;;;;;;;;;;;;;;;;;;
425;Reacções agudas de adaptação e/ou doenças de disfunção psico- social;;;;;;;;;;;;;;;;;;
426;Neuroses depressivas;;;;;;;;;;;;;;;;;;
427;Neuroses excepto as depressivas;;;;;;;;;;;;;;;;;;
428;Perturbações da personalidade e/ou do controlo dos impulsos;;;;;;;;;;;;;;;;;;
429;Perturbações orgânicas e/ou atraso mental;;;;;;;;;;;;;;;;;;
430;Psicoses;;;;;;;;;;;;;;;;;;
431;Perturbações mentais da infância;;;;;;;;;;;;;;;;;;
432;Outros diagnósticos de perturbações mentais;;;;;;;;;;;;;;;;;;
439;Enxertos cutâneos por lesão traumática;;;;;;;;;;;;;;;;;;
440;Desbridamento de ferida por lesão traumática, excepto feridas abertas;;;;;;;;;;;;;;;;;;
441;Procedimentos na mão por lesões traumáticas;;;;;;;;;;;;;;;;;;
442;Outros procedimentos no B.O., por lesão traumática, com CC;;;;;;;;;;;;;;;;;;
443;Outros procedimentos no B.O., por lesão traumática, sem CC;;;;;;;;;;;;;;;;;;
444;Lesões traumáticas, de locais não especificados ou múltiplos idade > 17 anos, com CC;;;;;;;;;;;;;;;;;;
445;Lesões traumáticas, de locais não especificados ou múltiplos, idade > 17 anos, sem CC;;;;;;;;;;;;;;;;;;
446;Lesões traumáticas de locais não especificados ou múltiplos, idade < 18 anos;;;;;;;;;;;;;;;;;;
447;Reacções alérgicas, idade > 17 anos;;;;;;;;;;;;;;;;;;
448;Reacções alérgicas, idade < 18 anos;;;;;;;;;;;;;;;;;;
449;Intoxicações e/ou efeitos tóxicos de drogas, idade > 17 anos, com CC;;;;;;;;;;;;;;;;;;
450;Intoxicações e/ou efeitos tóxicos de drogas, idade > 17 anos, sem CC;;;;;;;;;;;;;;;;;;
451;Intoxicações e/ou efeitos tóxicos de drogas, idade < 18 anos;;;;;;;;;;;;;;;;;;
452;Complicações de tratamento, com CC;;;;;;;;;;;;;;;;;;
453;Complicações de tratamento, sem CC;;;;;;;;;;;;;;;;;;
454;Outros diagnósticos de lesão traumática, intoxicação e/ou efeitos tóxicos, com CC;;;;;;;;;;;;;;;;;;
455;Outros diagnósticos de lesão traumática, intoxicação e/ou efeitos tóxicos, sem CC;;;;;;;;;;;;;;;;;;
461;Procedimentos em B.O., com diagnóstico de outros contactos com os serviços de saúde;;;;;;;;;;;;;;;;;;
462;Reabilitação;;;;;;;;;;;;;;;;;;
463;Sinais e/ou sintomas, com CC;;;;;;;;;;;;;;;;;;
464;Sinais e/ou sintomas, sem CC;;;;;;;;;;;;;;;;;;
465;Continuação de cuidados, com história de doença maligna como diagnóstico adicional;;;;;;;;;;;;;;;;;;
466;Continuação de cuidados, sem história de doença maligna como diagnóstico adicional;;;;;;;;;;;;;;;;;;
467;Outros factores com influência no estado de saúde;;;;;;;;;;;;;;;;;;
468;Procedimentos extensos, em B.O., não relacionados com o diagnóstico;;;;;;;;;;;;;;;;;;
469;Diagnóstico principal inválido como diagnóstico de alta;;;;;;;;;;;;;;;;;;
470;Não agrupável;;;;;;;;;;;;;;;;;;
471;Procedimentos major bilaterais ou múltiplos nas articulações dos membros inferiores;;;;;;;;;;;;;;;;;;
475;Diagnósticos do aparelho respiratório com suporte ventilatório;;;;;;;;;;;;;;;;;;
476;Procedimento prostático, em B.O., não relacionado com o diagnóstico principal;;;;;;;;;;;;;;;;;;
477;Procedimentos não extensos, em B.O., não relacionados com o diagnóstico principal;;;;;;;;;;;;;;;;;;
478;Outros procedimentos vasculares, com CC;;;;;;;;;;;;;;;;;;
479;Outros procedimentos vasculares, sem CC;;;;;;;;;;;;;;;;;;
480;Transplante hepático;;;;;;;;;;;;;;;;;;
482;Traqueostomia por diagnósticos da face, boca e/ou pescoço;;;;;;;;;;;;;;;;;;
483;Oxigenação por membrana extra-corporal, traqueostomia com ventilação mecânica >96h ou traqueostomia com outro diagnóstico principal, excepto da face, boca ou do pescoço;;;;;;;;;;;;;;;;;;
491;Procedimentos major nas articulações e/ou reimplantação do membro superior;;;;;;;;;;;;;;;;;;
493;Colecistectomia laparoscópica, sem exploração do colédoco, com CC;;;;;;;;;;;;;;;;;;
494;Colecistectomia laparoscópica, sem exploração do colédoco, sem CC;;;;;;;;;;;;;;;;;;
530;Craniotomia com CC major;;;;;;;;;;;;;;;;;;
531;Procedimentos no sistema nervoso excepto craniotomia, com CC major;;;;;;;;;;;;;;;;;;
532;Acidente isquémico transitório, oclusões pré-cerebrais, convulsões e/ou cefaleias, com CC major;;;;;;;;;;;;;;;;;;
533;Outras perturbações do sistema nervoso, excepto acidente isquémico transitório, convulsões e/ou cefaleias, com CC major;;;;;;;;;;;;;;;;;;
534;Procedimentos oculares, com CC major;;;;;;;;;;;;;;;;;;
535;Perturbações oculares, com CC major;;;;;;;;;;;;;;;;;;
536;Procedimentos no ouvido, nariz, boca e/ou garganta, excepto os major na cabeça ou no pescoço, com CC major;;;;;;;;;;;;;;;;;;
538;Procedimentos major no tórax, com CC major;;;;;;;;;;;;;;;;;;
539;Procedimentos respiratórios excepto os major no tórax, com CC major;;;;;;;;;;;;;;;;;;
540;Infecções e/ou inflamações respiratórias, com CC major;;;;;;;;;;;;;;;;;;
541;Perturbações respiratórias, excepto infecções, bronquite ou asma, com CC major;;;;;;;;;;;;;;;;;;
542;Bronquite e/ou asma, com CC major;;;;;;;;;;;;;;;;;;
543;Perturbações circulatórias, excepto enfarte agudo do miocárdio, endocardite, insuficiência cardíaca congestiva e/ou arritmia, com CC major;;;;;;;;;;;;;;;;;;
544;Insuficiência cardíaca congestiva e/ou arritmia cardíaca, com CC major;;;;;;;;;;;;;;;;;;
545;Procedimento em válvula cardíaca, com CC major;;;;;;;;;;;;;;;;;;
546;Bypass coronário com CC major;;;;;;;;;;;;;;;;;;
547;Outros procedimentos cardiotorácicos, com CC major;;;;;;;;;;;;;;;;;;
548;Outros procedimentos com implantação/revisão de pacemaker cardíaco ou com cardiodesfibrilhador com CC major;;;;;;;;;;;;;;;;;;
549;Procedimentos cardiovasculares major, com CC major;;;;;;;;;;;;;;;;;;
550;Outros procedimentos vasculares, com CC major;;;;;;;;;;;;;;;;;;
551;Esofagite, gastrenterite e/ou úlceras não complicadas, com CC major;;;;;;;;;;;;;;;;;;
552;Perturbações do aparelho digestivo, excepto esofagite, gastrenterite e/ou úlceras não complicadas, com CC major;;;;;;;;;;;;;;;;;;
553;Procedimentos no aparelho digestivo, excepto em hérnia e/ou procedimentos major no estômago ou no intestino, com CC major;;;;;;;;;;;;;;;;;;
554;Procedimentos por hérnia com CC major;;;;;;;;;;;;;;;;;;
555;Procedimentos no pâncreas, fígado, e/ou outras vias biliares, excepto transplante hepático, com CC major;;;;;;;;;;;;;;;;;;
556;Colecistectomia e/ou outros procedimentos hepatobiliares, com CC major;;;;;;;;;;;;;;;;;;
557;Perturbações hepatobiliares e/ou pancreáticas, com CC major;;;;;;;;;;;;;;;;;;
558;Procedimentos major no aparelho osteomuscular, excepto procedimentos major bilaterais ou múltiplos nas articulações, com CC major;;;;;;;;;;;;;;;;;;
559;Procedimentos não major no aparelho osteomuscular, com CC major;;;;;;;;;;;;;;;;;;
560;Perturbações do aparelho osteomuscular, excepto osteomielite, artrite séptica e/ou perturbações do tecido conjuntivo, com CC major;;;;;;;;;;;;;;;;;;
561;Osteomielite, artrite séptica e/ou perturbações do tecido conjuntivo, com CC major;;;;;;;;;;;;;;;;;;
562;Perturbações major da pele e/ou da mama, com CC major;;;;;;;;;;;;;;;;;;
563;Outras perturbações da pele, com CC major;;;;;;;;;;;;;;;;;;
564;Procedimentos na pele e/ou na mama, com CC major;;;;;;;;;;;;;;;;;;
565;Procedimentos endócrinos, nutricionais e/ou metabólicos, excepto amputação de membro inferior, com CC major;;;;;;;;;;;;;;;;;;
566;Perturbações endócrinas, nutricionais e/ou metabólicas, excepto perturbações alimentares ou fibrose cística, com CC major;;;;;;;;;;;;;;;;;;
567;Procedimentos nos rins e/ou nas vias urinárias, excepto transplante renal, com CC major;;;;;;;;;;;;;;;;;;
568;Insuficiência renal, com CC major;;;;;;;;;;;;;;;;;;
569;Perturbações dos rins e/ou das vias urinárias, excepto insuficiência renal, com CC major;;;;;;;;;;;;;;;;;;
570;Perturbações do aparelho reprodutor masculino com CC major;;;;;;;;;;;;;;;;;;
571;Procedimentos no aparelho reprodutor masculino com CC major;;;;;;;;;;;;;;;;;;
572;Perturbações do aparelho reprodutor feminino com CC major;;;;;;;;;;;;;;;;;;
573;Procedimentos não radicais, no aparelho reprodutor feminino com CC major;;;;;;;;;;;;;;;;;;
574;Perturbações do sangue, dos órgãos hematopoiéticos e/ou perturbações imunológicas, com CC major;;;;;;;;;;;;;;;;;;
575;Procedimentos no sangue, orgãos hematopoiéticos e/ou imunológicos com CC major;;;;;;;;;;;;;;;;;;
576;Leucemia aguda, com CC major;;;;;;;;;;;;;;;;;;
577;Perturbações mieloproliferativas e/ou neoplasias mal diferenciadas, com CC major;;;;;;;;;;;;;;;;;;
578;Linfoma e/ou leucemia não aguda, com CC major;;;;;;;;;;;;;;;;;;
579;Procedimentos por linfoma, leucemia ou perturbações mieloproliferativos, com CC major;;;;;;;;;;;;;;;;;;
580;Infecções sistémicas e/ou perturbações parasitárias, excepto septicemia, com CC major;;;;;;;;;;;;;;;;;;
581;Procedimentos por infecções sistémicas e/ou perturbações parasitárias, com CC major;;;;;;;;;;;;;;;;;;
582;Lesões traumáticas, excepto traumatismos múltiplos, com CC major;;;;;;;;;;;;;;;;;;
583;Procedimentos por lesões traumáticas, excepto traumatismos múltiplos, com CC major;;;;;;;;;;;;;;;;;;
584;Septicémia, com CC major;;;;;;;;;;;;;;;;;;
585;Procedimentos major no estômago, esófago, duodeno, intestino delgado e/ou intestino grosso, com CC major;;;;;;;;;;;;;;;;;;
586;Perturbações do ouvido, nariz, boca e/ou garganta, idade > 17 anos, com CC major;;;;;;;;;;;;;;;;;;
587;Perturbações do ouvido, nariz, boca e/ou garganta, idade < 18 anos, com CC major;;;;;;;;;;;;;;;;;;
602;Recém-nascido, peso ao nascer < 750 g, alta vivo;;;;;;;;;;;;;;;;;;
603;Recém-nascido, peso ao nascer < 750 g, falecido;;;;;;;;;;;;;;;;;;
604;Recém-nascido, peso ao nascer 750-999 g, alta vivo;;;;;;;;;;;;;;;;;;
605;Recém-nascido, peso ao nascer 750-999 g, falecido;;;;;;;;;;;;;;;;;;
606;Recém-nascido, peso ao nascer entre 1000 e 1499g, com procedimentos significativos em B.O., alta vivo;;;;;;;;;;;;;;;;;;
607;Recém-nascido, peso ao nascer entre 1000 e 1499g, sem procedimentos significativos em B.O., alta vivo;;;;;;;;;;;;;;;;;;
608;Recém-nascido, peso ao nascer entre 1000 e 1499g, falecido;;;;;;;;;;;;;;;;;;
609;Recém-nascido, peso ao nascer entre 1500 e 1999g, com;;;;;;;;;;;;;;;;;;
610;Recém-nascido, peso ao nascer entre 1500 e 1999g, com;;;;;;;;;;;;;;;;;;
611;Recém-nascido, peso ao nascer entre 1500 e 1999g, sem;;;;;;;;;;;;;;;;;;
612;Recém-nascido, peso ao nascer entre 1500 e 1999g, sem;;;;;;;;;;;;;;;;;;
613;Recém-nascido, peso ao nascer entre 1500 e 1999g, sem;;;;;;;;;;;;;;;;;;
614;Recém-nascido, peso ao nascer entre 1500 e 1999g, sem;;;;;;;;;;;;;;;;;;
615;Recém-nascido, peso ao nascer entre 2000 e 2499g, com;;;;;;;;;;;;;;;;;;
616;Recém-nascido, peso ao nascer entre 2000 e 2499g, com;;;;;;;;;;;;;;;;;;
617;Recém-nascido, peso ao nascer entre 2000 e 2499g, sem;;;;;;;;;;;;;;;;;;
618;Recém-nascido, peso ao nascer entre 2000 e 2499g, sem;;;;;;;;;;;;;;;;;;
619;Recém-nascido, peso ao nascer entre 2000 e 2499g, sem;;;;;;;;;;;;;;;;;;
620;Recém-nascido, peso ao nascer entre 2000 e 2499g, sem;;;;;;;;;;;;;;;;;;
621;Recém-nascido, peso ao nascer entre 2000 e 2499g, sem;;;;;;;;;;;;;;;;;;
622;Recém-nascido, peso ao nascer > 2499g, com procedimento;;;;;;;;;;;;;;;;;;
623;Recém-nascido, peso ao nascer > 2499g, com procedimento;;;;;;;;;;;;;;;;;;
624;Recém-nascido, peso ao nascer > 2499g, com procedimento;;;;;;;;;;;;;;;;;;
626;Recém-nascido, peso ao nascer > 2499g, sem procedimento;;;;;;;;;;;;;;;;;;
627;Recém-nascido, peso ao nascer > 2499g, sem procedimento;;;;;;;;;;;;;;;;;;
628;Recém-nascido, peso ao nascer > 2499g, sem procedimento;;;;;;;;;;;;;;;;;;
629;Recém-nascido, peso ao nascer > 2499g, sem procedimento;;;;;;;;;;;;;;;;;;
630;Recém-nascido, peso ao nascer > 2499g, sem procedimento significativo em B.O., com outros problemas;;;;;;;;;;;;;;;;;;
631;Displasia broncopulmonar e/ou outras doenças respiratórias crónicas com origem no período perinatal;;;;;;;;;;;;;;;;;;
633;Anomalias congénitas, múltiplas, outras e/ou não especificadas, com CC;;;;;;;;;;;;;;;;;;
634;Anomalias congénitas, múltiplas, outras e/ou não especificadas, sem;;;;;;;;;;;;;;;;;;
635;Continuação de cuidados com recém-nascidos para aumento de peso;;;;;;;;;;;;;;;;;;
636;Continuação de cuidados no lactente para aumento de peso, idade >28 dias e <1 ano;;;;;;;;;;;;;;;;;;
637;Recém-nascido morto, no primeiro dia de vida, nascido no hospital;;;;;;;;;;;;;;;;;;
638;Recém-nascido morto, no primeiro dia de vida, nascido fora do hospital;;;;;;;;;;;;;;;;;;
639;Recém-nascido transferido, com menos de cinco dias, de idade,;;;;;;;;;;;;;;;;;;
640;Recém-nascido transferido, com menos de cinco dias, de idade,;;;;;;;;;;;;;;;;;;
641;Recém-nascido, peso ao nascer >2499 g, com oxigenação por membrana extracorporal;;;;;;;;;;;;;;;;;;
650;Cesariana de alto risco, com CC;;;;;;;;;;;;;;;;;;
651;Cesariana de alto risco, sem CC;;;;;;;;;;;;;;;;;;
652;Parto vaginal de alto risco, com esterilização e/ou dilatação e/ou curetagem uterina;;;;;;;;;;;;;;;;;;
700;Traqueostomia por infecção do vírus da imunodeficiência humana;;;;;;;;;;;;;;;;;;
701;Infecção pelo vírus da imunodeficiência humana, com procedimento em;;;;;;;;;;;;;;;;;;
702;Infecção pelo vírus da imunodeficiência humana, com procedimento em;;;;;;;;;;;;;;;;;;
703;Infecção pelo vírus da imunodeficiência humana, com procedimento em;;;;;;;;;;;;;;;;;;
704;Infecção pelo vírus da imunodeficiência humana, com procedimento em B.O., sem diagnóstico relacionado major;;;;;;;;;;;;;;;;;;
705;Infecção pelo vírus da imunodeficiência humana, com múltiplas infecções major relacionadas, com tuberculose;;;;;;;;;;;;;;;;;;
706;Infecção pelo vírus da imunodeficiência humana, com múltiplas infecções relacionadas major, sem tuberculose;;;;;;;;;;;;;;;;;;
707;Infecção pelo vírus da imunodeficiência humana, com suporte nutricional ou de ventilador;;;;;;;;;;;;;;;;;;
708;Infecção pelo vírus da imunodeficiência humana, com diagnóstico relacionado major, alta contra parecer médico;;;;;;;;;;;;;;;;;;
709;Infecção pelo vírus da imunodeficiência humana, com múltiplos diagnósticos relacionados major ou diagnósticos significativos, com tuberculose;;;;;;;;;;;;;;;;;;
710;Infecção pelo vírus da imunodeficiência humana, com múltiplos diagnósticos relacionados major ou diagnósticos significativos, sem tuberculose;;;;;;;;;;;;;;;;;;
711;Infecção pelo vírus da imunodeficiência humana, com diagnóstico relacionado major, sem múltiplos diagnósticos relacionados major ou diagnósticos significativos, com tuberculose;;;;;;;;;;;;;;;;;;
712;Infecção pelo vírus da imunodeficiência humana, com diagnóstico relacionado major, sem múltiplos diagnósticos relacionados major ou diagnósticos significativos, sem tuberculose;;;;;;;;;;;;;;;;;;
713;Infecção pelo vírus da imunodeficiência humana, com diagnóstico relacionado significativo, alta contra parecer médico;;;;;;;;;;;;;;;;;;
714;Infecção pelo vírus da imunodeficiência humana, com diagnóstico relacionado significativo;;;;;;;;;;;;;;;;;;
715;Infecção pelo vírus da imunodeficiência humana, com outros diagnósticos relacionados;;;;;;;;;;;;;;;;;;
716;Infecção pelo vírus da imunodeficiência humana, sem outros diagnósticos relacionados;;;;;;;;;;;;;;;;;;
730;Craniotomia por traumatismos múltiplos significativos;;;;;;;;;;;;;;;;;;
731;Procedimentos na coluna, anca, fémur e/ou membro, por traumatismos múltiplos significativos;;;;;;;;;;;;;;;;;;
732;Outros procedimentos em B.O., por traumatismos múltiplos significativos;;;;;;;;;;;;;;;;;;
733;Diagnósticos de traumatismos múltiplos significativos da cabeça, tórax e/ou membros inferiores;;;;;;;;;;;;;;;;;;
734;Outros diagnósticos de traumatismos múltiplos significativos;;;;;;;;;;;;;;;;;;
737;Revisão de shunt ventricular;;;;;;;;;;;;;;;;;;
738;Craniotomia, idade < 18 anos, com CC;;;;;;;;;;;;;;;;;;
739;Craniotomia, idade < 18 anos, sem CC;;;;;;;;;;;;;;;;;;
740;Fibrose quística;;;;;;;;;;;;;;;;;;
743;Abuso ou dependência de opiáceos, alta contra parecer médico;;;;;;;;;;;;;;;;;;
744;Abuso ou dependência de opiáceos, com CC;;;;;;;;;;;;;;;;;;
745;Abuso ou dependência de opiáceos, sem CC;;;;;;;;;;;;;;;;;;
746;Abuso ou dependência de cocaína ou de outras drogas, alta contra;;;;;;;;;;;;;;;;;;
747;Abuso ou dependência de cocaína ou de outras drogas, com CC;;;;;;;;;;;;;;;;;;
748;Abuso ou dependência de cocaína ou de outras drogas, sem CC;;;;;;;;;;;;;;;;;;
749;Abuso ou dependência do álcool, alta contra parecer médico;;;;;;;;;;;;;;;;;;
750;Abuso ou dependência do álcool, com CC;;;;;;;;;;;;;;;;;;
751;Abuso ou dependência do álcool, sem CC;;;;;;;;;;;;;;;;;;
752;Intoxicação pelo chumbo;;;;;;;;;;;;;;;;;;
753;Reabilitação por perturbações nutricionais compulsivas;;;;;;;;;;;;;;;;;;
754;Cuidados terciários, idade superior ou igual a 1 ano;;;;;;;;;;;;;;;;;;
755;Artrodese vertebral com CC;;;;;;;;;;;;;;;;;;
756;Artrodese vertebral sem CC;;;;;;;;;;;;;;;;;;
757;Procedimentos no dorso e/ou pescoço, excepto artrodese vertebral com CC;;;;;;;;;;;;;;;;;;
758;Procedimentos no dorso e/ou pescoço, excepto artrodese vertebral sem CC;;;;;;;;;;;;;;;;;;
759;Implantes cocleares de canal múltiplo;;;;;;;;;;;;;;;;;;
760;Hemofilia por perturbações congénitas dos factores VIII e IX;;;;;;;;;;;;;;;;;;
761;Estupor e/ou coma traumático, coma de duração > 1 hora;;;;;;;;;;;;;;;;;;
762;Concussão ou traumatismo intracraniano, com coma < 1 hora ou sem coma, idade < 18 anos;;;;;;;;;;;;;;;;;;
763;Estupor e/ou coma traumático, coma < 1 hora, idade < 18 anos;;;;;;;;;;;;;;;;;;
764;Concussão ou traumatismo intracraniano, com coma < 1 hora ou sem coma, idade > 17 anos, com CC;;;;;;;;;;;;;;;;;;
765;Concussão ou traumatismo intracraniano, com coma < 1 hora ou sem coma, idade > 17 anos, sem CC;;;;;;;;;;;;;;;;;;
766;Estupor e/ou coma traumático, coma < 1 hora, idade > 17 anos, com CC;;;;;;;;;;;;;;;;;;
767;Estupor e/ou coma traumático, coma < 1 hora, idade > 17 anos, sem CC;;;;;;;;;;;;;;;;;;
768;Convulsões e/ou cefaleias, idade < 18 anos, com CC;;;;;;;;;;;;;;;;;;
769;Convulsões e/ou cefaleias, idade < 18 anos, sem CC;;;;;;;;;;;;;;;;;;
770;Infecções e/ou inflamações respiratórias, idade < 18 anos, com CC;;;;;;;;;;;;;;;;;;
771;Infecções e/ou inflamações respiratórias, idade < 18 anos, sem CC;;;;;;;;;;;;;;;;;;
772;Pneumonia e/ou pleurisia simples, idade < 18 anos, com CC;;;;;;;;;;;;;;;;;;
773;Pneumonia e/ou pleurisia simples, idade < 18 anos, sem CC;;;;;;;;;;;;;;;;;;
774;Bronquite e/ou asma, idade < 18 anos, com CC;;;;;;;;;;;;;;;;;;
775;Bronquite e/ou asma, idade < 18 anos, sem CC;;;;;;;;;;;;;;;;;;
776;Esofagite, gastrenterite e/ou perturbações digestivas diversas, idade < 18 anos, com CC;;;;;;;;;;;;;;;;;;
777;Esofagite, gastrenterite e/ou perturbações digestivas diversas, idade;;;;;;;;;;;;;;;;;;
778;Outros diagnósticos do aparelho digestivo, idade <18 anos, com CC;;;;;;;;;;;;;;;;;;
779;Outros diagnósticos do aparelho digestivo, idade <18 anos, sem CC;;;;;;;;;;;;;;;;;;
780;Leucemia aguda sem procedimento major em B.O., idade < 18 anos, com CC;;;;;;;;;;;;;;;;;;
781;Leucemia aguda sem procedimento major em B.O., idade < 18 anos, sem CC;;;;;;;;;;;;;;;;;;
782;Leucemia aguda sem procedimento major em B.O., idade > 17 anos, com CC;;;;;;;;;;;;;;;;;;
783;Leucemia aguda sem procedimento major em B.O., idade > 17 anos, sem CC;;;;;;;;;;;;;;;;;;
784;Anemia hemolítica adquirida ou crise de anemia falciforme, idade < 18 anos;;;;;;;;;;;;;;;;;;
785;Outras perturbações dos eritrócitos, idade < 18 anos;;;;;;;;;;;;;;;;;;
786;Procedimentos major na cabeça e/ou no pescoço, por doença maligna;;;;;;;;;;;;;;;;;;
787;Colecistectomia laparoscópica com exploração do colédoco;;;;;;;;;;;;;;;;;;
789;Procedimentos articulares major e/ou de reimplantação de membro inferior, excepto substituição da anca, por diagnóstico principal de complicação;;;;;;;;;;;;;;;;;;
790;Desbridamento de ferida e/ou enxerto de pele por ferida aberta, perturbações do aparelho osteomuscular e/ou do tecido conjuntivo, excepto mão;;;;;;;;;;;;;;;;;;
791;Desbridamento de feridas por lesão traumática, com ferida aberta;;;;;;;;;;;;;;;;;;
792;Craniotomia por traumatismos múltiplos significativos, com CC major não traumáticas;;;;;;;;;;;;;;;;;;
793;Procedimentos por traumatismos múltiplos significativos, excepto craniotomia, com CC major não traumáticas;;;;;;;;;;;;;;;;;;
794;Diagnósticos de traumatismos múltiplos significativos, com CC major não traumáticas;;;;;;;;;;;;;;;;;;
795;Transplante de pulmão;;;;;;;;;;;;;;;;;;
796;Revascularização de membro inferior, com CC;;;;;;;;;;;;;;;;;;
797;Revascularização de membro inferior, sem CC;;;;;;;;;;;;;;;;;;
798;Tuberculose, com procedimento em B.O.;;;;;;;;;;;;;;;;;;
799;Tuberculose, alta contra parecer do médico;;;;;;;;;;;;;;;;;;
800;Tuberculose com CC;;;;;;;;;;;;;;;;;;
801;Tuberculose sem CC;;;;;;;;;;;;;;;;;;
802;Pneumocistose;;;;;;;;;;;;;;;;;;
803;Transplante alogénico de medula óssea;;;;;;;;;;;;;;;;;;
804;Transplante autólogo de medula óssea;;;;;;;;;;;;;;;;;;
805;Transplante simultâneo de rim e de pâncreas;;;;;;;;;;;;;;;;;;
806;Artrodese vertebral combinada anterior/posterior com CC;;;;;;;;;;;;;;;;;;
807;Artrodese vertebral combinada anterior/posterior sem CC;;;;;;;;;;;;;;;;;;
808;Procedimentos cardiovasculares percutâneos, com enfarte agudo do miocárdio, insuficiência cardíaca ou choque;;;;;;;;;;;;;;;;;;
809;Outros procedimentos cardiotorácicos, com diagnóstico principal de anomalia congénita;;;;;;;;;;;;;;;;;;
810;Hemorragia intracraniana;;;;;;;;;;;;;;;;;;
811;Implantação de dispositivo de assistência ao coração;;;;;;;;;;;;;;;;;;
812;Disfunção, reacção e/ou complicação de dispositivo ou procedimento em B.O., cardíaco ou vascular;;;;;;;;;;;;;;;;;;
813;Gastrenterites não bacterianas e/ou dor abdominal, idade > 17 anos, com CC;;;;;;;;;;;;;;;;;;
814;Gastrenterites não bacterianas e/ou dor abdominal, idade > 17 anos, sem CC;;;;;;;;;;;;;;;;;;
815;Gastrenterites não bacterianas e/ou dor abdominal, idade < 18 anos, com CC;;;;;;;;;;;;;;;;;;
816;Gastrenterites não bacterianas e/ou dor abdominal, idade < 18 anos, sem CC;;;;;;;;;;;;;;;;;;
817;Substituição da anca, por complicações;;;;;;;;;;;;;;;;;;
818;Substituição da anca, excepto por complicações;;;;;;;;;;;;;;;;;;
819;Colocação, revisão ou remoção de dispositivo de acesso para diálise renal;;;;;;;;;;;;;;;;;;
820;Disfunção, reacção e/ou complicações de dispositivo/enxerto/transplante geniturinário;;;;;;;;;;;;;;;;;;
821;Queimaduras extensas, de 3º grau, com enxerto de pele;;;;;;;;;;;;;;;;;;
822;Queimaduras extensas, de 3º grau, sem enxerto de pele;;;;;;;;;;;;;;;;;;
823;Queimadura da espessura total da pele, com enxerto da pele ou lesão de inalação, com CC ou traumatismos significativos;;;;;;;;;;;;;;;;;;
824;Queimadura da espessura total da pele, com enxerto da pele ou lesão de inalação, sem CC ou traumatismos significativos;;;;;;;;;;;;;;;;;;
825;Queimadura da espessura total da pele, sem enxerto da pele ou lesão de inalação, com CC ou traumatismos significativos;;;;;;;;;;;;;;;;;;
826;Queimadura da espessura total da pele, sem enxerto da pele ou lesão de inalação, sem CC ou traumatismos significativos;;;;;;;;;;;;;;;;;;
827;Queimaduras não extensas, com lesão de inalação, CC ou traumatismos significativos;;;;;;;;;;;;;;;;;;
828;Queimaduras não extensas, sem lesão de inalação, CC ou traumatismos significativos;;;;;;;;;;;;;;;;;;
829;Transplante de pâncreas;;;;;;;;;;;;;;;;;;
832;Isquémia transitória;;;;;;;;;;;;;;;;;;
833;Procedimentos vasculares intracranianos, com diagnóstico principal de hemorragia;;;;;;;;;;;;;;;;;;
836;Procedimentos vertebrais, com CC;;;;;;;;;;;;;;;;;;
837;Procedimentos vertebrais, sem CC;;;;;;;;;;;;;;;;;;
838;Procedimentos extracranianos, com CC;;;;;;;;;;;;;;;;;;
839;Procedimentos extracranianos, sem CC;;;;;;;;;;;;;;;;;;
849;Implantação de desfibrilhador cardíaco, com cateterismo cardíaco, com enfarte agudo do miocárdio, insuficiência cardíaca ou choque;;;;;;;;;;;;;;;;;;
850;Implantação de desfibrilhador cardíaco, com cateterismo cardíaco, sem enfarte agudo do miocárdio, insuficiência cardíaca ou choque;;;;;;;;;;;;;;;;;;
851;Implantação de desfibrilhador cardíaco, sem cateterismo cardíaco;;;;;;;;;;;;;;;;;;
852;Procedimentos cardiovasculares percutâneos, com stent não eluidor de fármacos, sem enfarte agudo do miocárdio;;;;;;;;;;;;;;;;;;
853;Procedimentos cardiovasculares percutâneos, com stent eluidor de fármacos, com enfarte agudo do miocárdio;;;;;;;;;;;;;;;;;;
854;Procedimentos cardiovasculares percutâneos, com stent eluidor de fármacos, sem enfarte agudo do miocárdio;;;;;;;;;;;;;;;;;;
864;Artrodese vertebral, cervical, com CC;;;;;;;;;;;;;;;;;;
865;Artrodese vertebral, cervical, sem CC;;;;;;;;;;;;;;;;;;
866;Excisão local e/ou remoção de dispositivo de fixação interna, excepto da anca e fémur, com CC;;;;;;;;;;;;;;;;;;
867;Excisão local e/ou remoção de dispositivo de fixação interna, excepto da anca e fémur, sem CC;;;;;;;;;;;;;;;;;;
874;Linfoma e/ou leucemia, com procedimento major em B.O., com CC;;;;;;;;;;;;;;;;;;
875;Linfoma e/ou leucemia, com procedimento major em B.O., sem CC;;;;;;;;;;;;;;;;;;
876;Quimioterapia com leucemia aguda como diagnóstico adicional ou com uso de alta dose de agente quimioterapêutico;;;;;;;;;;;;;;;;;;
;;;;;;;;;;;;;;;;;;;
;;;;;;;;;;;;;;;;;;;
;;;;;;;;;;;;;;;;;;;
;;;;;;;;;;;;;;;;;;;
;;;;;;;;;;;;;;;;;;;
;;;;;;;;;;;;;;;;;;;
;;;;;;;;;;;;;;;;;;;
;;;;;;;;;;;;;;;;;;;
;;;;;;;;;;;;;;;;;;;
;;;;;;;;;;;;;;;;;;;
;;;;;;;;;;;;;;;;;;;
;;;;;;;;;;;;;;;;;;;
;;;;;;;;;;;;;;;;;;;
;;;;;;;;;;;;;;;;;;;
;;;;;;;;;;;;;;;;;;;
;;;;;;;;;;;;;;;;;;;
;;;;;;;;;;;;;;;;;;;
;;;;;;;;;;;;;;;;;;;
;;;;;;;;;;;;;;;;;;;
;;;;;;;;;;;;;;;;;;;
;;;;;;;;;;;;;;;;;;;
;;;;;;;;;;;;;;;;;;;
;;;;;;;;;;;;;;;;;;;
;;;;;;;;;;;;;;;;;;;
;;;;;;;;;;;;;;;;;;;
;;;;;;;;;;;;;;;;;;;
;;;;;;;;;;;;;;;;;;;
;;;;;;;;;;;;;;;;;;;
;;;;;;;;;;;;;;;;;;;
;;;;;;;;;;;;;;;;;;;
;;;;;;;;;;;;;;;;;;;
;;;;;;;;;;;;;;;;;;;
;;;;;;;;;;;;;;;;;;;
;;;;;;;;;;;;;;;;;;;
;;;;;;;;;;;;;;;;;;;
;;;;;;;;;;;;;;;;;;;
;;;;;;;;;;;;;;;;;;;
;;;;;;;;;;;;;;;;;;;
;;;;;;;;;;;;;;;;;;;
;;;;;;;;;;;;;;;;;;;
;;;;;;;;;;;;;;;;;;;
;;;;;;;;;;;;;;;;;;;
;;;;;;;;;;;;;;;;;;;
;;;;;;;;;;;;;;;;;;;
;;;;;;;;;;;;;;;;;;;
;;;;;;;;;;;;;;;;;;;
;;;;;;;;;;;;;;;;;;;
;;;;;;;;;;;;;;;;;;;
;;;;;;;;;;;;;;;;;;;
;;;;;;;;;;;;;;;;;;;
;;;;;;;;;;;;;;;;;;;
;;;;;;;;;;;;;;;;;;;
;;;;;;;;;;;;;;;;;;;
;;;;;;;;;;;;;;;;;;;
;;;;;;;;;;;;;;;;;;;
;;;;;;;;;;;;;;;;;;;
;;;;;;;;;;;;;;;;;;;
;;;;;;;;;;;;;;;;;;;
;;;;;;;;;;;;;;;;;;;
;;;;;;;;;;;;;;;;;;;
;;;;;;;;;;;;;;;;;;;
;;;;;;;;;;;;;;;;;;;
;;;;;;;;;;;;;;;;;;;
;;;;;;;;;;;;;;;;;;;
;;;;;;;;;;;;;;;;;;;
;;;;;;;;;;;;;;;;;;;
;;;;;;;;;;;;;;;;;;;
;;;;;;;;;;;;;;;;;;;
;;;;;;;;;;;;;;;;;;;
;;;;;;;;;;;;;;;;;;;
;;;;;;;;;;;;;;;;;;;
;;;;;;;;;;;;;;;;;;;
;;;;;;;;;;;;;;;;;;;
;;;;;;;;;;;;;;;;;;;
;;;;;;;;;;;;;;;;;;;
;;;;;;;;;;;;;;;;;;;
;;;;;;;;;;;;;;;;;;;
;;;;;;;;;;;;;;;;;;;
;;;;;;;;;;;;;;;;;;;
;;;;;;;;;;;;;;;;;;;
;;;;;;;;;;;;;;;;;;;
;;;;;;;;;;;;;;;;;;;
;;;;;;;;;;;;;;;;;;;
;;;;;;;;;;;;;;;;;;;
;;;;;;;;;;;;;;;;;;;
;;;;;;;;;;;;;;;;;;;
;;;;;;;;;;;;;;;;;;;
;;;;;;;;;;;;;;;;;;;
;;;;;;;;;;;;;;;;;;;
;;;;;;;;;;;;;;;;;;;
;;;;;;;;;;;;;;;;;;;
;;;;;;;;;;;;;;;;;;;
;;;;;;;;;;;;;;;;;;;
;;;;;;;;;;;;;;;;;;;
;;;;;;;;;;;;;;;;;;;
;;;;;;;;;;;;;;;;;;;
;;;;;;;;;;;;;;;;;;;
;;;;;;;;;;;;;;;;;;;
;;;;;;;;;;;;;;;;;;;
;;;;;;;;;;;;;;;;;;;
;;;;;;;;;;;;;;;;;;;
;;;;;;;;;;;;;;;;;;;
;;;;;;;;;;;;;;;;;;;
;;;;;;;;;;;;;;;;;;;
;;;;;;;;;;;;;;;;;;;
;;;;;;;;;;;;;;;;;;;
;;;;;;;;;;;;;;;;;;;
;;;;;;;;;;;;;;;;;;;
;;;;;;;;;;;;;;;;;;;
;;;;;;;;;;;;;;;;;;;
;;;;;;;;;;;;;;;;;;;
;;;;;;;;;;;;;;;;;;;
;;;;;;;;;;;;;;;;;;;
;;;;;;;;;;;;;;;;;;;
;;;;;;;;;;;;;;;;;;;
;;;;;;;;;;;;;;;;;;;
;;;;;;;;;;;;;;;;;;;
;;;;;;;;;;;;;;;;;;;
;;;;;;;;;;;;;;;;;;;
;;;;;;;;;;;;;;;;;;;
;;;;;;;;;;;;;;;;;;;
;;;;;;;;;;;;;;;;;;;
;;;;;;;;;;;;;;;;;;;
;;;;;;;;;;;;;;;;;;;
;;;;;;;;;;;;;;;;;;;
;;;;;;;;;;;;;;;;;;;
;;;;;;;;;;;;;;;;;;;
;;;;;;;;;;;;;;;;;;;
;;;;;;;;;;;;;;;;;;;
;;;;;;;;;;;;;;;;;;;
;;;;;;;;;;;;;;;;;;;
;;;;;;;;;;;;;;;;;;;
;;;;;;;;;;;;;;;;;;;
;;;;;;;;;;;;;;;;;;;
;;;;;;;;;;;;;;;;;;;
;;;;;;;;;;;;;;;;;;;
;;;;;;;;;;;;;;;;;;;
;;;;;;;;;;;;;;;;;;;
;;;;;;;;;;;;;;;;;;;
;;;;;;;;;;;;;;;;;;;
;;;;;;;;;;;;;;;;;;;
;;;;;;;;;;;;;;;;;;;
;;;;;;;;;;;;;;;;;;;
;;;;;;;;;;;;;;;;;;;
;;;;;;;;;;;;;;;;;;;
;;;;;;;;;;;;;;;;;;;
;;;;;;;;;;;;;;;;;;;
;;;;;;;;;;;;;;;;;;;
;;;;;;;;;;;;;;;;;;;
;;;;;;;;;;;;;;;;;;;
;;;;;;;;;;;;;;;;;;;
;;;;;;;;;;;;;;;;;;;
;;;;;;;;;;;;;;;;;;;
;;;;;;;;;;;;;;;;;;;
;;;;;;;;;;;;;;;;;;;
;;;;;;;;;;;;;;;;;;;
;;;;;;;;;;;;;;;;;;;
;;;;;;;;;;;;;;;;;;;
;;;;;;;;;;;;;;;;;;;
;;;;;;;;;;;;;;;;;;;
;;;;;;;;;;;;;;;;;;;
;;;;;;;;;;;;;;;;;;;
;;;;;;;;;;;;;;;;;;;
;;;;;;;;;;;;;;;;;;;
;;;;;;;;;;;;;;;;;;;
;;;;;;;;;;;;;;;;;;;
;;;;;;;;;;;;;;;;;;;
;;;;;;;;;;;;;;;;;;;
;;;;;;;;;;;;;;;;;;;
;;;;;;;;;;;;;;;;;;;
;;;;;;;;;;;;;;;;;;;
;;;;;;;;;;;;;;;;;;;
;;;;;;;;;;;;;;;;;;;
;;;;;;;;;;;;;;;;;;;
;;;;;;;;;;;;;;;;;;;
;;;;;;;;;;;;;;;;;;;
;;;;;;;;;;;;;;;;;;;
;;;;;;;;;;;;;;;;;;;
;;;;;;;;;;;;;;;;;;;
;;;;;;;;;;;;;;;;;;;
;;;;;;;;;;;;;;;;;;;
;;;;;;;;;;;;;;;;;;;
;;;;;;;;;;;;;;;;;;;
;;;;;;;;;;;;;;;;;;;
;;;;;;;;;;;;;;;;;;;
;;;;;;;;;;;;;;;;;;;
;;;;;;;;;;;;;;;;;;;
;;;;;;;;;;;;;;;;;;;
;;;;;;;;;;;;;;;;;;;
;;;;;;;;;;;;;;;;;;;
;;;;;;;;;;;;;;;;;;;
;;;;;;;;;;;;;;;;;;;
;;;;;;;;;;;;;;;;;;;
;;;;;;;;;;;;;;;;;;;
;;;;;;;;;;;;;;;;;;;
;;;;;;;;;;;;;;;;;;;
;;;;;;;;;;;;;;;;;;;
;;;;;;;;;;;;;;;;;;;
;;;;;;;;;;;;;;;;;;;
;;;;;;;;;;;;;;;;;;;
;;;;;;;;;;;;;;;;;;;
;;;;;;;;;;;;;;;;;;;
;;;;;;;;;;;;;;;;;;;
;;;;;;;;;;;;;;;;;;;
;;;;;;;;;;;;;;;;;;;
;;;;;;;;;;;;;;;;;;;
;;;;;;;;;;;;;;;;;;;
;;;;;;;;;;;;;;;;;;;
;;;;;;;;;;;;;;;;;;;
;;;;;;;;;;;;;;;;;;;
;;;;;;;;;;;;;;;;;;;
;;;;;;;;;;;;;;;;;;;
;;;;;;;;;;;;;;;;;;;
;;;;;;;;;;;;;;;;;;;
;;;;;;;;;;;;;;;;;;;
;;;;;;;;;;;;;;;;;;;
;;;;;;;;;;;;;;;;;;;
;;;;;;;;;;;;;;;;;;;
;;;;;;;;;;;;;;;;;;;
;;;;;;;;;;;;;;;;;;;
;;;;;;;;;;;;;;;;;;;
;;;;;;;;;;;;;;;;;;;
;;;;;;;;;;;;;;;;;;;
;;;;;;;;;;;;;;;;;;;
;;;;;;;;;;;;;;;;;;;
;;;;;;;;;;;;;;;;;;;
;;;;;;;;;;;;;;;;;;;
;;;;;;;;;;;;;;;;;;;
;;;;;;;;;;;;;;;;;;;
;;;;;;;;;;;;;;;;;;;
;;;;;;;;;;;;;;;;;;;
;;;;;;;;;;;;;;;;;;;
;;;;;;;;;;;;;;;;;;;
;;;;;;;;;;;;;;;;;;;
;;;;;;;;;;;;;;;;;;;
;;;;;;;;;;;;;;;;;;;
;;;;;;;;;;;;;;;;;;;
;;;;;;;;;;;;;;;;;;;
;;;;;;;;;;;;;;;;;;;
;;;;;;;;;;;;;;;;;;;
;;;;;;;;;;;;;;;;;;;
;;;;;;;;;;;;;;;;;;;
;;;;;;;;;;;;;;;;;;;
;;;;;;;;;;;;;;;;;;;
;;;;;;;;;;;;;;;;;;;
;;;;;;;;;;;;;;;;;;;
;;;;;;;;;;;;;;;;;;;
;;;;;;;;;;;;;;;;;;;
;;;;;;;;;;;;;;;;;;;
;;;;;;;;;;;;;;;;;;;
;;;;;;;;;;;;;;;;;;;
;;;;;;;;;;;;;;;;;;;
;;;;;;;;;;;;;;;;;;;
;;;;;;;;;;;;;;;;;;;
;;;;;;;;;;;;;;;;;;;
;;;;;;;;;;;;;;;;;;;
;;;;;;;;;;;;;;;;;;;
;;;;;;;;;;;;;;;;;;;
;;;;;;;;;;;;;;;;;;;
;;;;;;;;;;;;;;;;;;;
;;;;;;;;;;;;;;;;;;;
;;;;;;;;;;;;;;;;;;;
;;;;;;;;;;;;;;;;;;;
;;;;;;;;;;;;;;;;;;;
;;;;;;;;;;;;;;;;;;;
;;;;;;;;;;;;;;;;;;;
;;;;;;;;;;;;;;;;;;;
;;;;;;;;;;;;;;;;;;;
;;;;;;;;;;;;;;;;;;;
;;;;;;;;;;;;;;;;;;;
;;;;;;;;;;;;;;;;;;;
;;;;;;;;;;;;;;;;;;;
;;;;;;;;;;;;;;;;;;;
;;;;;;;;;;;;;;;;;;;
;;;;;;;;;;;;;;;;;;;
;;;;;;;;;;;;;;;;;;;
;;;;;;;;;;;;;;;;;;;
;;;;;;;;;;;;;;;;;;;
;;;;;;;;;;;;;;;;;;;
;;;;;;;;;;;;;;;;;;;
;;;;;;;;;;;;;;;;;;;
;;;;;;;;;;;;;;;;;;;
;;;;;;;;;;;;;;;;;;;
;;;;;;;;;;;;;;;;;;;
;;;;;;;;;;;;;;;;;;;
;;;;;;;;;;;;;;;;;;;
;;;;;;;;;;;;;;;;;;;
;;;;;;;;;;;;;;;;;;;
;;;;;;;;;;;;;;;;;;;
;;;;;;;;;;;;;;;;;;;
;;;;;;;;;;;;;;;;;;;
;;;;;;;;;;;;;;;;;;;
;;;;;;;;;;;;;;;;;;;
;;;;;;;;;;;;;;;;;;;
;;;;;;;;;;;;;;;;;;;
;;;;;;;;;;;;;;;;;;;
;;;;;;;;;;;;;;;;;;;
;;;;;;;;;;;;;;;;;;;
;;;;;;;;;;;;;;;;;;;
;;;;;;;;;;;;;;;;;;;
;;;;;;;;;;;;;;;;;;;
;;;;;;;;;;;;;;;;;;;
;;;;;;;;;;;;;;;;;;;
;;;;;;;;;;;;;;;;;;;
;;;;;;;;;;;;;;;;;;;
;;;;;;;;;;;;;;;;;;;
;;;;;;;;;;;;;;;;;;;
;;;;;;;;;;;;;;;;;;;
;;;;;;;;;;;;;;;;;;;
;;;;;;;;;;;;;;;;;;;
;;;;;;;;;;;;;;;;;;;
;;;;;;;;;;;;;;;;;;;
;;;;;;;;;;;;;;;;;;;
;;;;;;;;;;;;;;;;;;;
;;;;;;;;;;;;;;;;;;;
;;;;;;;;;;;;;;;;;;;
;;;;;;;;;;;;;;;;;;;
;;;;;;;;;;;;;;;;;;;
;;;;;;;;;;;;;;;;;;;
;;;;;;;;;;;;;;;;;;;
;;;;;;;;;;;;;;;;;;;
;;;;;;;;;;;;;;;;;;;
;;;;;;;;;;;;;;;;;;;
;;;;;;;;;;;;;;;;;;;
;;;;;;;;;;;;;;;;;;;
;;;;;;;;;;;;;;;;;;;
;;;;;;;;;;;;;;;;;;;
;;;;;;;;;;;;;;;;;;;
;;;;;;;;;;;;;;;;;;;
;;;;;;;;;;;;;;;;;;;
;;;;;;;;;;;;;;;;;;;
